EmployeeID,Job_History,Joining_Date,Designation,Sex
emp-10,"Worked at Company - 816 , Company - 724 , Company - 295 , Company - 54",2006_02,VP,0
emp-108,"Worked at Company - 205 , Company - 373 , Company - 665 , Company - 656",2012_01,VP,1
emp-115,"Worked at Company - 690 , Company - 280 , Company - 234 , Company - 155 , Company - 31",2012_02,Senior,1
emp-121,"Worked at Company - 684 , Company - 159 , Company - 749 , Company - 893 , Company - 795 , Company - 375",2012_03,VP,1
emp-138,"Worked at Company - 443 , Company - 121 , Company - 881 , Company - 477 , Company - 326",2012_05,Senior,1
emp-140,"Worked at Company - 337 , Company - 384 , Company - 247 , Company - 511 , Company - 432 , Company - 563 , Company - 753",2012_06,VP,1
emp-143,"Worked at Company - 764 , Company - 77 , Company - 294 , Company - 803",2012_07,Senior,1
emp-148,"Worked at Company - 507 , Company - 196 , Company - 744 , Company - 140 , Company - 641",2012_08,Junior,1
emp-15,"Worked at Company - 746 , Company - 844 , Company - 337 , Company - 4 , Company - 259",2007_11,VP,1
emp-150,"Worked at Company - 276 , Company - 460 , Company - 372 , Company - 620",2012_09,Junior,1
emp-24,"Worked at Company - 466 , Company - 15 , Company - 244 , Company - 456 , Company - 829",2008_11,EVP,1
emp-285,"Worked at Company - 491 , Company - 620 , Company - 82 , Company - 856 , Company - 782",2003_06,MD,1
emp-286,"Worked at Company - 117 , Company - 609 , Company - 198 , Company - 626 , Company - 672 , Company - 762 , Company - 602",2009_02,VP,1
emp-287,"Worked at Company - 85 , Company - 46 , Company - 529 , Company - 42 , Company - 841",2009_03,VP,1
emp-288,"Worked at Company - 441 , Company - 237 , Company - 839 , Company - 87 , Company - 304",2010_04,VP,1
emp-289,"Worked at Company - 690 , Company - 19 , Company - 598 , Company - 687 , Company - 483 , Company - 806 , Company - 366",2010_06,Junior,1
emp-29,"Worked at Company - 807 , Company - 136 , Company - 708 , Company - 751 , Company - 560",2009_07,Senior,1
emp-290,"Worked at Company - 245 , Company - 375 , Company - 688 , Company - 547 , Company - 11 , Company - 285",2010_07,Junior,0
emp-291,"Worked at Company - 5 , Company - 83 , Company - 104 , Company - 346 , Company - 312",2011_02,Senior,1
emp-292,"Worked at Company - 236 , Company - 335 , Company - 664 , Company - 435 , Company - 762 , Company - 575 , Company - 184",2011_10,Junior,0
emp-293,"Worked at Company - 341 , Company - 618 , Company - 257 , Company - 634 , Company - 355 , Company - 762 , Company - 347",2012_01,VP,1
emp-294,"Worked at Company - 418 , Company - 883 , Company - 378 , Company - 498",2012_02,Senior,1
emp-295,"Worked at Company - 790 , Company - 197 , Company - 120 , Company - 466",2012_08,Junior,1
emp-296,"Worked at Company - 251 , Company - 437 , Company - 449 , Company - 470 , Company - 373 , Company - 874",2012_09,Junior,1
emp-31,"Worked at Company - 627 , Company - 426 , Company - 2 , Company - 143 , Company - 772 , Company - 799",2009_02,VP,1
emp-32,"Worked at Company - 397 , Company - 714 , Company - 878 , Company - 788 , Company - 27",2009_03,VP,1
emp-43,"Worked at Company - 69 , Company - 892 , Company - 833 , Company - 151 , Company - 441 , Company - 137 , Company - 685",2010_01,Senior,1
emp-47,"Worked at Company - 754 , Company - 746 , Company - 528 , Company - 841",2010_04,VP,1
emp-55,"Worked at Company - 899 , Company - 401 , Company - 620 , Company - 131 , Company - 755",2010_06,Junior,1
emp-59,"Worked at Company - 592 , Company - 196 , Company - 47 , Company - 483 , Company - 826",2010_07,Junior,0
emp-6,"Worked at Company - 440 , Company - 293 , Company - 601 , Company - 674 , Company - 378 , Company - 683 , Company - 515",2003_06,MD,1
emp-81,"Worked at Company - 472 , Company - 366 , Company - 213 , Company - 292",2011_02,Senior,1
emp-83,"Worked at Company - 787 , Company - 333 , Company - 118 , Company - 594",2011_04,EVP,1
emp-84,"Worked at Company - 209 , Company - 521 , Company - 494 , Company - 76 , Company - 16",2011_04,VP,1
emp-97,"Worked at Company - 789 , Company - 785 , Company - 449 , Company - 574 , Company - 882 , Company - 865",2011_10,Junior,0
emp-1,"Worked at Company - 639 , Company - 212 , Company - 314",2011_01,MD,1
emp-100,"Worked at Company - 562 , Company - 319",2011_12,Senior,1
emp-101,"Worked at Company - 212 , Company - 668 , Company - 344",2012_01,Senior,1
emp-102,Worked at Company - 234,2011_12,Senior,1
emp-103,"Worked at Company - 165 , Company - 597 , Company - 318 , Company - 541",2011_12,Senior,1
emp-104,Worked at Company - 258,2011_12,Senior,1
emp-105,"Worked at Company - 780 , Company - 703",2012_01,VP,1
emp-106,"Worked at Company - 510 , Company - 658 , Company - 287 , Company - 807",2012_01,Senior,0
emp-107,"Worked at Company - 99 , Company - 569 , Company - 488 , Company - 409",2012_02,EVP,1
emp-109,"Worked at Company - 13 , Company - 461 , Company - 865",2012_02,Senior,1
emp-11,"Worked at Company - 521 , Company - 304 , Company - 856 , Company - 794",2007_07,Junior,1
emp-110,Worked at Company - 750,2012_02,Senior,1
emp-111,"Worked at Company - 790 , Company - 151 , Company - 430 , Company - 532",2012_02,Senior,1
emp-112,"Worked at Company - 42 , Company - 432 , Company - 552",2012_02,VP,1
emp-113,"Worked at Company - 296 , Company - 211 , Company - 380 , Company - 166",2012_02,VP,1
emp-114,"Worked at Company - 99 , Company - 88 , Company - 551",2012_02,EVP,1
emp-116,Worked at Company - 695,2012_02,EVP,1
emp-117,Worked at Company - 658,2012_02,VP,1
emp-118,"Worked at Company - 554 , Company - 304",2012_04,EVP,1
emp-119,Worked at Company - 660,2012_04,Senior,1
emp-12,"Worked at Company - 548 , Company - 405",2006_09,VP,1
emp-120,Worked at Company - 795,2012_03,VP,1
emp-122,"Worked at Company - 346 , Company - 108",2012_03,VP,1
emp-123,Worked at Company - 643,2012_04,Senior,1
emp-124,"Worked at Company - 745 , Company - 578 , Company - 730 , Company - 284",2012_05,VP,1
emp-125,Worked at Company - 581,2012_05,Senior,1
emp-126,"Worked at Company - 317 , Company - 875 , Company - 260 , Company - 210",2012_05,VP,1
emp-127,"Worked at Company - 688 , Company - 448 , Company - 33 , Company - 888",2012_04,Junior,1
emp-128,"Worked at Company - 313 , Company - 49 , Company - 618",2012_04,Junior,1
emp-129,"Worked at Company - 315 , Company - 351",2012_04,VP,1
emp-13,Worked at Company - 317,2007_07,VP,1
emp-130,Worked at Company - 596,2012_05,Senior,0
emp-131,"Worked at Company - 506 , Company - 369 , Company - 758 , Company - 650",2012_05,Junior,1
emp-132,"Worked at Company - 573 , Company - 179 , Company - 820",2012_05,VP,1
emp-133,Worked at Company - 434,2012_05,Senior,1
emp-134,"Worked at Company - 107 , Company - 712 , Company - 722 , Company - 261",2012_05,Junior,1
emp-135,"Worked at Company - 4 , Company - 128 , Company - 601",2012_05,Junior,1
emp-136,Worked at Company - 559,2012_05,Junior,1
emp-137,Worked at Company - 607,2012_05,Junior,1
emp-139,"Worked at Company - 510 , Company - 432 , Company - 576 , Company - 85",2012_06,Junior,1
emp-14,"Worked at Company - 6 , Company - 724",2007_07,VP,0
emp-141,"Worked at Company - 381 , Company - 585 , Company - 841 , Company - 448",2012_06,Junior,1
emp-142,"Worked at Company - 697 , Company - 527 , Company - 338",2012_06,Senior,1
emp-144,"Worked at Company - 740 , Company - 317",2012_07,MD,1
emp-145,"Worked at Company - 359 , Company - 265 , Company - 42",2012_08,MD,1
emp-146,"Worked at Company - 674 , Company - 838",2012_07,Junior,1
emp-147,"Worked at Company - 729 , Company - 576",2012_07,EVP,1
emp-149,Worked at Company - 878,2012_09,Junior,0
emp-151,Worked at Company - 629,2012_09,Junior,0
emp-152,"Worked at Company - 786 , Company - 514 , Company - 2 , Company - 131",2012_09,Junior,0
emp-153,"Worked at Company - 692 , Company - 334 , Company - 693",2012_09,VP,1
emp-154,Worked at Company - 115,2012_09,Junior,1
emp-155,"Worked at Company - 862 , Company - 655 , Company - 238",2012_09,Junior,1
emp-156,"Worked at Company - 204 , Company - 194 , Company - 670 , Company - 522",2012_09,Junior,1
emp-157,"Worked at Company - 609 , Company - 337 , Company - 786 , Company - 32",2012_10,EVP,1
emp-158,"Worked at Company - 509 , Company - 864",2012_10,Junior,1
emp-159,"Worked at Company - 382 , Company - 495",2012_10,VP,1
emp-16,"Worked at Company - 419 , Company - 566 , Company - 858 , Company - 473",2007_11,VP,1
emp-160,"Worked at Company - 479 , Company - 440 , Company - 566 , Company - 24",2012_10,Junior,1
emp-161,"Worked at Company - 384 , Company - 187",2012_11,Junior,1
emp-162,"Worked at Company - 225 , Company - 785 , Company - 759",2012_10,VP,1
emp-163,Worked at Company - 775,2012_11,Junior,1
emp-164,"Worked at Company - 466 , Company - 463 , Company - 133",2012_11,Junior,1
emp-165,Worked at Company - 815,2012_11,Junior,1
emp-166,"Worked at Company - 460 , Company - 391",2012_11,Junior,0
emp-167,Worked at Company - 728,2013_01,Senior,1
emp-168,Worked at Company - 403,2012_11,Senior,1
emp-169,"Worked at Company - 145 , Company - 585 , Company - 175 , Company - 565",2012_11,Senior,1
emp-17,"Worked at Company - 425 , Company - 244",2008_01,MD,1
emp-170,"Worked at Company - 771 , Company - 701",2012_12,VP,1
emp-171,Worked at Company - 789,2013_01,Junior,1
emp-172,Worked at Company - 616,2013_01,VP,1
emp-173,"Worked at Company - 472 , Company - 459 , Company - 508 , Company - 845",2013_01,VP,1
emp-174,"Worked at Company - 827 , Company - 385",2012_12,VP,1
emp-175,"Worked at Company - 555 , Company - 178 , Company - 17",2013_01,Junior,1
emp-176,"Worked at Company - 81 , Company - 850 , Company - 461",2013_01,EVP,1
emp-177,"Worked at Company - 864 , Company - 192 , Company - 562 , Company - 528",2013_02,Senior,1
emp-178,"Worked at Company - 666 , Company - 469 , Company - 874",2013_02,Junior,1
emp-179,"Worked at Company - 410 , Company - 326",2013_02,Junior,1
emp-18,Worked at Company - 307,2008_02,EVP,1
emp-180,"Worked at Company - 111 , Company - 656 , Company - 853",2013_02,Senior,1
emp-181,Worked at Company - 718,2013_02,Junior,1
emp-182,"Worked at Company - 47 , Company - 764",2013_02,EVP,1
emp-183,"Worked at Company - 530 , Company - 897 , Company - 708",2013_02,VP,1
emp-184,Worked at Company - 678,2013_02,Junior,1
emp-185,"Worked at Company - 83 , Company - 543",2013_03,EVP,1
emp-186,Worked at Company - 667,2013_04,EVP,1
emp-187,"Worked at Company - 317 , Company - 436",2013_04,EVP,1
emp-188,Worked at Company - 550,2005_12,EVP,1
emp-189,"Worked at Company - 507 , Company - 876 , Company - 293 , Company - 593",2009_10,EVP,1
emp-19,"Worked at Company - 518 , Company - 823",2008_06,EVP,1
emp-190,"Worked at Company - 760 , Company - 731",2002_04,MD,1
emp-191,Worked at Company - 192,2006_09,VP,1
emp-192,Worked at Company - 212,2007_07,VP,0
emp-193,Worked at Company - 845,2007_11,VP,1
emp-194,"Worked at Company - 141 , Company - 546",2008_02,EVP,1
emp-195,"Worked at Company - 86 , Company - 389 , Company - 102",2008_07,Senior,1
emp-196,"Worked at Company - 618 , Company - 434 , Company - 815",2008_12,VP,1
emp-197,Worked at Company - 696,2009_07,Junior,1
emp-198,"Worked at Company - 103 , Company - 612 , Company - 788",2009_07,Junior,1
emp-199,"Worked at Company - 365 , Company - 253 , Company - 811",2009_07,Junior,1
emp-2,"Worked at Company - 305 , Company - 764 , Company - 365 , Company - 91",2005_12,EVP,1
emp-20,Worked at Company - 433,2008_07,Senior,1
emp-200,"Worked at Company - 3 , Company - 36 , Company - 47 , Company - 162",2009_07,Junior,1
emp-201,"Worked at Company - 509 , Company - 39 , Company - 738 , Company - 708",2010_07,Junior,1
emp-202,"Worked at Company - 431 , Company - 827 , Company - 455 , Company - 163",2009_08,Senior,1
emp-203,"Worked at Company - 375 , Company - 199 , Company - 810 , Company - 11",2009_10,VP,1
emp-204,"Worked at Company - 856 , Company - 281",2009_12,VP,1
emp-205,Worked at Company - 458,2011_05,Senior,1
emp-206,"Worked at Company - 525 , Company - 701 , Company - 258",2010_04,VP,0
emp-207,"Worked at Company - 862 , Company - 180 , Company - 759",2010_04,EVP,1
emp-208,Worked at Company - 135,2011_06,Junior,1
emp-209,"Worked at Company - 19 , Company - 430 , Company - 549",2010_07,Senior,1
emp-21,Worked at Company - 635,2008_07,VP,0
emp-210,"Worked at Company - 858 , Company - 628 , Company - 815",2010_05,EVP,1
emp-211,"Worked at Company - 44 , Company - 745 , Company - 56",2010_06,Junior,1
emp-212,"Worked at Company - 543 , Company - 463 , Company - 98",2010_07,VP,1
emp-213,"Worked at Company - 699 , Company - 382",2010_09,Senior,1
emp-214,Worked at Company - 292,2010_09,Junior,1
emp-215,"Worked at Company - 466 , Company - 564",2010_10,VP,1
emp-216,Worked at Company - 561,2010_10,Junior,0
emp-217,Worked at Company - 735,2010_10,MD,1
emp-218,"Worked at Company - 479 , Company - 899",2011_02,Senior,1
emp-219,"Worked at Company - 430 , Company - 576",2011_02,VP,0
emp-22,"Worked at Company - 1 , Company - 224 , Company - 20",2008_09,VP,1
emp-220,"Worked at Company - 518 , Company - 675 , Company - 400",2011_01,Senior,1
emp-221,"Worked at Company - 135 , Company - 576",2010_12,VP,1
emp-222,"Worked at Company - 636 , Company - 359 , Company - 103 , Company - 469",2010_12,VP,1
emp-223,"Worked at Company - 658 , Company - 849",2010_12,Junior,1
emp-224,"Worked at Company - 344 , Company - 213",2011_02,Junior,1
emp-225,Worked at Company - 811,2011_06,Junior,1
emp-226,"Worked at Company - 27 , Company - 732 , Company - 482 , Company - 889",2011_06,Senior,1
emp-227,"Worked at Company - 607 , Company - 214 , Company - 239 , Company - 26",2011_06,Senior,1
emp-228,Worked at Company - 173,2011_07,EVP,1
emp-229,"Worked at Company - 654 , Company - 558 , Company - 183",2011_07,VP,1
emp-23,"Worked at Company - 716 , Company - 307",2008_10,EVP,0
emp-230,"Worked at Company - 863 , Company - 301",2011_09,VP,1
emp-231,"Worked at Company - 89 , Company - 75",2011_09,Senior,0
emp-232,"Worked at Company - 333 , Company - 408 , Company - 106 , Company - 139",2011_10,Senior,1
emp-233,"Worked at Company - 600 , Company - 894 , Company - 568 , Company - 829",2011_11,Senior,1
emp-234,"Worked at Company - 212 , Company - 16",2011_11,Senior,1
emp-235,"Worked at Company - 711 , Company - 550 , Company - 567",2011_12,Senior,1
emp-236,"Worked at Company - 716 , Company - 80 , Company - 569 , Company - 7",2012_01,Senior,1
emp-237,"Worked at Company - 310 , Company - 458",2011_12,Senior,1
emp-238,"Worked at Company - 866 , Company - 746 , Company - 435 , Company - 75",2011_12,Senior,1
emp-239,"Worked at Company - 706 , Company - 303",2012_01,VP,1
emp-240,"Worked at Company - 322 , Company - 262 , Company - 465 , Company - 131",2012_01,Senior,0
emp-241,"Worked at Company - 836 , Company - 448 , Company - 153",2012_02,EVP,1
emp-242,"Worked at Company - 130 , Company - 254 , Company - 452",2012_02,Senior,1
emp-243,Worked at Company - 232,2012_02,VP,1
emp-244,"Worked at Company - 4 , Company - 622 , Company - 230 , Company - 511",2012_02,EVP,1
emp-245,"Worked at Company - 621 , Company - 535 , Company - 858",2012_02,EVP,1
emp-246,"Worked at Company - 252 , Company - 270",2012_02,VP,1
emp-247,Worked at Company - 566,2012_04,Senior,1
emp-248,"Worked at Company - 304 , Company - 269 , Company - 82 , Company - 532",2012_03,VP,1
emp-249,"Worked at Company - 54 , Company - 862 , Company - 361 , Company - 42",2012_05,VP,1
emp-25,"Worked at Company - 218 , Company - 216",2008_12,VP,1
emp-250,"Worked at Company - 185 , Company - 137",2012_05,Senior,1
emp-251,"Worked at Company - 250 , Company - 527 , Company - 757",2012_04,Junior,1
emp-252,"Worked at Company - 261 , Company - 290 , Company - 54",2012_05,Senior,0
emp-253,"Worked at Company - 655 , Company - 476 , Company - 300 , Company - 797",2012_05,VP,1
emp-254,Worked at Company - 69,2012_05,Senior,1
emp-255,"Worked at Company - 711 , Company - 715 , Company - 857",2012_05,Junior,1
emp-256,Worked at Company - 748,2012_05,Junior,1
emp-257,"Worked at Company - 264 , Company - 234 , Company - 560",2012_06,Junior,1
emp-258,"Worked at Company - 85 , Company - 384 , Company - 285",2012_06,Senior,1
emp-259,"Worked at Company - 274 , Company - 702 , Company - 392 , Company - 696",2012_07,MD,1
emp-26,"Worked at Company - 449 , Company - 752 , Company - 885 , Company - 32",2009_07,Junior,1
emp-260,"Worked at Company - 887 , Company - 699 , Company - 562 , Company - 252",2012_07,EVP,1
emp-261,"Worked at Company - 746 , Company - 477",2012_09,Junior,0
emp-262,"Worked at Company - 540 , Company - 354 , Company - 799",2012_09,Junior,0
emp-263,Worked at Company - 44,2012_09,VP,1
emp-264,"Worked at Company - 730 , Company - 817 , Company - 793",2012_09,Junior,1
emp-265,"Worked at Company - 738 , Company - 16 , Company - 4 , Company - 27",2012_09,Junior,1
emp-266,"Worked at Company - 584 , Company - 339 , Company - 873",2012_09,Junior,1
emp-267,Worked at Company - 894,2012_10,Junior,1
emp-268,"Worked at Company - 848 , Company - 452 , Company - 563 , Company - 237",2012_11,Junior,1
emp-269,"Worked at Company - 371 , Company - 180 , Company - 693 , Company - 178",2012_11,Junior,1
emp-27,"Worked at Company - 44 , Company - 708",2009_07,Junior,1
emp-270,"Worked at Company - 892 , Company - 624",2012_11,Junior,1
emp-271,"Worked at Company - 619 , Company - 774",2012_11,Junior,0
emp-272,"Worked at Company - 92 , Company - 255 , Company - 547",2013_01,Senior,1
emp-273,Worked at Company - 333,2012_11,Senior,1
emp-274,"Worked at Company - 821 , Company - 595",2012_12,VP,1
emp-275,"Worked at Company - 194 , Company - 186 , Company - 328",2013_01,VP,1
emp-276,"Worked at Company - 826 , Company - 275 , Company - 774",2013_01,VP,1
emp-277,Worked at Company - 152,2012_12,VP,1
emp-278,"Worked at Company - 782 , Company - 60 , Company - 667",2013_01,Junior,1
emp-279,Worked at Company - 864,2013_01,EVP,1
emp-28,Worked at Company - 662,2009_07,Junior,1
emp-280,Worked at Company - 297,2013_02,Senior,1
emp-281,"Worked at Company - 529 , Company - 373",2013_02,Junior,1
emp-282,"Worked at Company - 145 , Company - 250 , Company - 836 , Company - 610",2013_02,Senior,1
emp-283,"Worked at Company - 224 , Company - 721",2013_02,Junior,1
emp-284,"Worked at Company - 145 , Company - 605 , Company - 431",2013_03,EVP,1
emp-3,"Worked at Company - 503 , Company - 334 , Company - 453 , Company - 212",2009_10,EVP,1
emp-30,"Worked at Company - 533 , Company - 636 , Company - 752 , Company - 763",2009_07,Junior,1
emp-33,"Worked at Company - 748 , Company - 322 , Company - 185 , Company - 55",2010_07,Junior,1
emp-34,Worked at Company - 169,2009_05,VP,1
emp-35,"Worked at Company - 648 , Company - 530 , Company - 80",2009_05,EVP,0
emp-36,Worked at Company - 630,2009_07,Junior,1
emp-37,"Worked at Company - 174 , Company - 878 , Company - 296",2009_08,Senior,1
emp-38,"Worked at Company - 570 , Company - 14",2009_10,VP,1
emp-39,Worked at Company - 898,2009_09,VP,0
emp-4,Worked at Company - 592,2002_04,MD,1
emp-40,"Worked at Company - 749 , Company - 630",2009_10,MD,1
emp-41,"Worked at Company - 391 , Company - 380 , Company - 150",2009_12,VP,1
emp-42,"Worked at Company - 626 , Company - 417 , Company - 250 , Company - 243",2009_12,Junior,0
emp-44,Worked at Company - 733,2011_05,Senior,1
emp-45,"Worked at Company - 813 , Company - 626 , Company - 677 , Company - 474",2010_02,VP,1
emp-46,"Worked at Company - 47 , Company - 762",2010_04,VP,0
emp-48,"Worked at Company - 183 , Company - 791",2010_04,EVP,1
emp-49,"Worked at Company - 99 , Company - 50 , Company - 847 , Company - 102",2011_06,Junior,1
emp-5,Worked at Company - 237,2003_12,EVP,1
emp-50,Worked at Company - 694,2010_12,Junior,0
emp-51,"Worked at Company - 774 , Company - 841 , Company - 831 , Company - 695",2010_04,Senior,1
emp-52,"Worked at Company - 664 , Company - 723 , Company - 767",2010_05,Junior,1
emp-53,"Worked at Company - 703 , Company - 804 , Company - 842 , Company - 760",2010_07,Senior,1
emp-54,"Worked at Company - 51 , Company - 82",2010_05,EVP,1
emp-56,"Worked at Company - 818 , Company - 474 , Company - 343 , Company - 230",2010_06,Junior,1
emp-57,Worked at Company - 652,2010_06,VP,1
emp-58,"Worked at Company - 570 , Company - 546 , Company - 884",2010_06,Senior,1
emp-60,"Worked at Company - 350 , Company - 80 , Company - 745 , Company - 604",2010_06,Senior,1
emp-61,"Worked at Company - 116 , Company - 777",2010_07,VP,1
emp-62,"Worked at Company - 600 , Company - 713",2010_09,Junior,1
emp-63,"Worked at Company - 369 , Company - 875",2010_09,Senior,1
emp-64,"Worked at Company - 438 , Company - 561",2010_09,Junior,1
emp-65,"Worked at Company - 78 , Company - 778",2010_10,VP,1
emp-66,Worked at Company - 394,2010_10,Junior,0
emp-67,Worked at Company - 616,2010_10,MD,1
emp-68,Worked at Company - 572,2011_02,Senior,1
emp-69,"Worked at Company - 891 , Company - 53 , Company - 526",2011_02,VP,0
emp-7,"Worked at Company - 518 , Company - 87 , Company - 462 , Company - 655",2011_10,VP,1
emp-70,"Worked at Company - 569 , Company - 332 , Company - 898",2010_10,Junior,1
emp-71,Worked at Company - 680,2011_01,Senior,1
emp-72,Worked at Company - 709,2011_01,Junior,0
emp-73,"Worked at Company - 210 , Company - 734 , Company - 527",2010_12,VP,1
emp-74,Worked at Company - 749,2010_12,VP,1
emp-75,Worked at Company - 154,2010_12,Junior,1
emp-76,"Worked at Company - 243 , Company - 608 , Company - 597 , Company - 324",2011_02,Junior,1
emp-77,Worked at Company - 884,2011_01,Senior,0
emp-78,"Worked at Company - 74 , Company - 421 , Company - 620 , Company - 620",2011_03,Senior,1
emp-79,"Worked at Company - 29 , Company - 844 , Company - 883",2011_02,MD,1
emp-8,"Worked at Company - 576 , Company - 503",2004_06,VP,1
emp-80,"Worked at Company - 640 , Company - 694 , Company - 76 , Company - 21",2011_02,Junior,1
emp-82,"Worked at Company - 23 , Company - 615 , Company - 183 , Company - 196",2011_04,VP,0
emp-85,Worked at Company - 187,2011_05,VP,1
emp-86,"Worked at Company - 60 , Company - 569",2011_06,Junior,1
emp-87,"Worked at Company - 253 , Company - 713 , Company - 270 , Company - 38",2011_06,Senior,0
emp-88,"Worked at Company - 392 , Company - 394",2011_06,Senior,1
emp-89,"Worked at Company - 714 , Company - 65 , Company - 232 , Company - 393",2011_06,Senior,1
emp-9,Worked at Company - 37,2006_02,EVP,1
emp-90,Worked at Company - 15,2011_07,EVP,1
emp-91,"Worked at Company - 477 , Company - 326 , Company - 760 , Company - 310",2011_07,VP,1
emp-92,"Worked at Company - 122 , Company - 723 , Company - 319",2011_09,VP,1
emp-93,Worked at Company - 158,2011_09,VP,1
emp-94,"Worked at Company - 71 , Company - 324 , Company - 345 , Company - 146",2011_09,Senior,0
emp-95,Worked at Company - 343,2011_10,VP,0
emp-96,"Worked at Company - 27 , Company - 159",2011_10,Senior,1
emp-98,"Worked at Company - 817 , Company - 404 , Company - 251 , Company - 299",2011_11,Senior,1
emp-99,"Worked at Company - 204 , Company - 171 , Company - 214 , Company - 731",2011_11,Senior,1
